{"cameraMode":{"drawMode":0,"name":"Shaded","section":"Shading Mode"},"sceneLighting":false,"audioPlay":false,"sceneViewState":{"showFog":false,"showMaterialUpdate":false,"showSkybox":false,"showFlares":true,"showImageEffects":true,"showParticleSystems":true},"in2DMode":false,"pivot":{"x":5.666667461395264,"y":-3.722222089767456,"z":0.0},"rotation":{"x":-0.044955212622880939,"y":-0.1219734475016594,"z":0.005529947578907013,"w":-0.9915055632591248},"size":1.4006316661834717,"orthographic":false}